{"id":813627,"items":[{"id":813628,"status":2,"title":"Tienda","order":0,"templateKey":null,"pageLinks":[]},{"id":813877,"status":2,"title":"Principal","order":0,"templateKey":null,"pageLinks":[]},{"id":813879,"status":2,"title":"Blog Template","order":0,"templateKey":"blog","pageLinks":[]},{"id":813880,"status":2,"title":"Login Template","order":0,"templateKey":"login","pageLinks":[]},{"id":813881,"status":2,"title":"404 Not Found Template","order":0,"templateKey":"404","pageLinks":[]},{"id":813882,"status":2,"title":"Shopping Cart Template","order":0,"templateKey":"cart","pageLinks":[]},{"id":813883,"status":2,"title":"Product List Template","order":0,"templateKey":"products","pageLinks":[]},{"id":813884,"status":2,"title":"Product Details Template","order":0,"templateKey":"product","pageLinks":[]},{"id":813885,"status":2,"title":"Post Template","order":0,"templateKey":"post","pageLinks":[]}],"metaTags":null,"order":"0","headHtml":null,"customCss":null,"headerHtml":"<section class=\"u-clearfix u-header u-block-635b-1\" custom-posts-hash=\"[]\" data-style=\"header-imglogo-menu\" data-post-id=\"2374450734\" data-section-properties=\"{&quot;grid-spacing&quot;:&quot;0&quot;,&quot;align&quot;:&quot;left&quot;,&quot;stretch&quot;:true}\" id=\"sec-b390\" data-id=\"635b\">\n  <div class=\"u-clearfix u-sheet u-block-635b-2\">\n    \n    \n  <form action=\"#\" method=\"get\" class=\"u-border-1 u-border-grey-30 u-search u-search-left u-white u-block-635b-20\">\n    <button class=\"u-search-button\" type=\"submit\">\n        <span class=\"u-search-icon u-spacing-10 u-block-635b-21\">\n            <svg class=\"u-svg-link\" preserveAspectRatio=\"xMidYMin slice\" viewBox=\"0 0 56.966 56.966\">\n                <use xlink:href=\"#svg-0975\"></use>\n            </svg>\n            <svg xmlns=\"http://www.w3.org/2000/svg\" xmlns:xlink=\"http://www.w3.org/1999/xlink\" version=\"1.1\" id=\"svg-0975\" x=\"0px\" y=\"0px\" viewBox=\"0 0 56.966 56.966\" style=\"enable-background:new 0 0 56.966 56.966;\" xml:space=\"preserve\" class=\"u-svg-content\">\n                <path d=\"M55.146,51.887L41.588,37.786c3.486-4.144,5.396-9.358,5.396-14.786c0-12.682-10.318-23-23-23s-23,10.318-23,23  s10.318,23,23,23c4.761,0,9.298-1.436,13.177-4.162l13.661,14.208c0.571,0.593,1.339,0.92,2.162,0.92  c0.779,0,1.518-0.297,2.079-0.837C56.255,54.982,56.293,53.08,55.146,51.887z M23.984,6c9.374,0,17,7.626,17,17s-7.626,17-17,17  s-17-7.626-17-17S14.61,6,23.984,6z\"></path>\n            </svg>\n        </span>\n    </button>\n    <input class=\"u-search-input u-block-635b-22\" type=\"search\" name=\"search\" value=\"\" placeholder=\"Search\">\n</form><a href=\"#\" class=\"u-image u-logo u-block-635b-8\" data-brightness=\"\" data-image-width=\"500\" data-image-height=\"332\">\n      <img src=\"np://user.desktop.nicepage.com/Site_813627/images/logo_small.png\" class=\"u-logo-image u-block-635b-10\">\n    </a><nav class=\"u-menu u-menu-dropdown u-offcanvas u-block-635b-11\">\n      <div class=\"menu-collapse\" style=\"font-size: 1rem; letter-spacing: 0px;\">\n        <a class=\"u-button-style u-custom-left-right-menu-spacing u-custom-padding-bottom u-custom-top-bottom-menu-spacing u-nav-link u-text-active-palette-1-base u-text-hover-palette-2-base\" href=\"#\">\n          <svg><use xlink:href=\"#menu-hamburger\"></use></svg>\n          <svg version=\"1.1\" xmlns=\"http://www.w3.org/2000/svg\" xmlns:xlink=\"http://www.w3.org/1999/xlink\"><defs><symbol id=\"menu-hamburger\" viewBox=\"0 0 16 16\" style=\"width: 16px; height: 16px;\"><rect y=\"1\" width=\"16\" height=\"2\"></rect><rect y=\"7\" width=\"16\" height=\"2\"></rect><rect y=\"13\" width=\"16\" height=\"2\"></rect>\n</symbol>\n</defs></svg>\n        </a>\n      </div>\n      <div class=\"u-custom-menu u-nav-container\">\n        <ul class=\"u-nav u-spacing-25 u-unstyled u-block-635b-17\"><li class=\"u-nav-item\"><a class=\"u-border-2 u-border-grey-75 u-border-no-left u-border-no-right u-border-no-top u-button-style u-nav-link\" href=\"/Tienda.html\" data-page-id=\"813628\" style=\"padding: 8px 0px;\">Tienda</a><div class=\"fake u-hidden u-nav-popup\"><ul class=\"u-h-spacing-20 u-nav u-unstyled u-v-spacing-10 u-block-635b-23\"><li class=\"u-nav-item\"><a class=\"u-button-style u-nav-link u-white\" href=\"#\">Opción del menú1</a></li><li class=\"u-nav-item\"><a class=\"u-button-style u-nav-link u-white\" href=\"#\">Opción del menú2</a></li><li class=\"u-nav-item\"><a class=\"u-button-style u-nav-link u-white\" href=\"#\">Opción del menú3</a></li></ul></div></li><li class=\"u-nav-item\"><a class=\"u-border-2 u-border-grey-75 u-border-no-left u-border-no-right u-border-no-top u-button-style u-nav-link\" href=\"/Principal.html\" data-page-id=\"813877\" style=\"padding: 8px 0px;\">Principal</a></li><li class=\"u-nav-item\"><a class=\"u-border-2 u-border-grey-75 u-border-no-left u-border-no-right u-border-no-top u-button-style u-nav-link\" style=\"padding: 8px 0px;\">Contacto</a></li></ul>\n      </div>\n      <div class=\"u-custom-menu u-nav-container-collapse\">\n        <div class=\"u-black u-container-style u-inner-container-layout u-opacity u-opacity-95 u-sidenav u-block-635b-14\">\n          <div class=\"u-sidenav-overflow\">\n            <div class=\"u-menu-close u-block-635b-15\"></div>\n            <ul class=\"u-align-center u-nav u-popupmenu-items u-unstyled u-block-635b-16\"><li class=\"u-nav-item\"><a class=\"u-button-style u-nav-link\" href=\"/Tienda.html\" data-page-id=\"813628\" style=\"padding: 8px 0px;\">Tienda</a><div class=\"fake u-hidden u-nav-popup\"><ul class=\"u-h-spacing-20 u-nav u-unstyled u-v-spacing-10 u-block-635b-24\"><li class=\"u-nav-item\"><a class=\"u-button-style u-nav-link\" href=\"#\">Opción del menú1</a></li><li class=\"u-nav-item\"><a class=\"u-button-style u-nav-link\" href=\"#\">Opción del menú2</a></li><li class=\"u-nav-item\"><a class=\"u-button-style u-nav-link\" href=\"#\">Opción del menú3</a></li></ul></div></li><li class=\"u-nav-item\"><a class=\"u-button-style u-nav-link\" href=\"/Principal.html\" data-page-id=\"813877\" style=\"padding: 8px 0px;\">Principal</a></li><li class=\"u-nav-item\"><a class=\"u-button-style u-nav-link\" style=\"padding: 8px 0px;\">Contacto</a></li></ul>\n          </div>\n        </div>\n        <div class=\"u-black u-menu-overlay u-opacity u-opacity-70\"></div>\n      </div>\n    </nav></div>\n  <style data-mode=\"XL\" data-visited=\"true\">@media (min-width: 1200px){ .u-block-635b-1 {background-image: none}\n.u-block-635b-2 {min-height: 212px}\n.u-block-635b-20 {height: auto; width: 200px; min-height: 38px; margin-top: 21.5938px; margin-right: 53.3439px; margin-bottom: 0px; margin-left: auto}\n.u-block-635b-8 {width: 104.813px; height: 69.5938px; margin-top: 0px; margin-right: auto; margin-bottom: 0px; margin-left: 0px}\n.u-block-635b-10 {width: 100%; height: 100%}\n.u-block-635b-11 {margin-top: 48.4532px; margin-right: auto; margin-bottom: 0.3595px; margin-left: 409.047px}\n.u-block-635b-17 {font-size: 1rem; letter-spacing: 0px}\n.u-block-635b-23 {font-size: 1rem; letter-spacing: 0px}\n.u-block-635b-16 {font-size: 1rem; letter-spacing: 0px}\n.u-block-635b-24 {font-size: 1rem; letter-spacing: 0px} }</style>\n  <style data-mode=\"LG\" data-visited=\"true\">@media (max-width: 1199px) and (min-width: 992px){ .u-block-635b-1 {background-image: none}\n.u-block-635b-2 {min-height: 212px}\n.u-block-635b-20 {height: auto; width: 200px; min-height: 38px; margin-top: 21.5938px; margin-right: 53px; margin-bottom: 0px; margin-left: auto}\n.u-block-635b-8 {margin-top: 0px; margin-right: auto; margin-bottom: 0px; margin-left: 0px; width: 105px; height: 69.5938px}\n.u-block-635b-10 {width: 100%; height: 100%}\n.u-block-635b-11 {width: auto; margin-top: 48.4532px; margin-right: auto; margin-bottom: 0.3595px; margin-left: 409px}\n.u-block-635b-17 {font-size: 1rem; letter-spacing: 0px}\n.u-block-635b-23 {font-size: 1rem; letter-spacing: 0px}\n.u-block-635b-16 {font-size: 1rem; letter-spacing: 0px}\n.u-block-635b-24 {font-size: 1rem; letter-spacing: 0px} }</style>\n  <style data-mode=\"MD\" data-visited=\"true\">@media (max-width: 991px) and (min-width: 768px){ .u-block-635b-1 {background-image: none}\n.u-block-635b-2 {min-height: 212px}\n.u-block-635b-20 {height: auto; width: 200px; min-height: 38px; margin-top: 21.5938px; margin-right: 53px; margin-bottom: 0px; margin-left: auto}\n.u-block-635b-8 {margin-top: 0px; margin-right: auto; margin-bottom: 0px; margin-left: 0px; width: 105px; height: 69.5938px}\n.u-block-635b-10 {width: 100%; height: 100%}\n.u-block-635b-11 {width: auto; margin-top: 48.4532px; margin-right: auto; margin-bottom: 0.3595px; margin-left: 313px}\n.u-block-635b-17 {font-size: 1rem; letter-spacing: 0px}\n.u-block-635b-23 {font-size: 1rem; letter-spacing: 0px}\n.u-block-635b-16 {font-size: 1rem; letter-spacing: 0px}\n.u-block-635b-24 {font-size: 1rem; letter-spacing: 0px} }</style>\n  <style data-mode=\"SM\" data-visited=\"true\">@media (max-width: 767px) and (min-width: 576px){ .u-block-635b-1 {background-image: none}\n.u-block-635b-2 {min-height: 212px}\n.u-block-635b-20 {height: auto; width: 200px; min-height: 38px; margin-top: 21.5938px; margin-right: 53px; margin-bottom: 0px; margin-left: auto}\n.u-block-635b-8 {margin-top: 0px; margin-right: auto; margin-bottom: 0px; margin-left: 0px; width: 105px; height: 69.5938px}\n.u-block-635b-10 {width: 100%; height: 100%}\n.u-block-635b-11 {width: auto; margin-top: 48.4532px; margin-right: auto; margin-bottom: 0.3595px; margin-left: 235px}\n.u-block-635b-17 {font-size: 1rem; letter-spacing: 0px}\n.u-block-635b-23 {font-size: 1rem; letter-spacing: 0px}\n.u-block-635b-16 {font-size: 1rem; letter-spacing: 0px}\n.u-block-635b-24 {font-size: 1rem; letter-spacing: 0px} }</style>\n  <style data-mode=\"XS\" data-visited=\"true\">@media (max-width: 575px){ .u-block-635b-1 {background-image: none}\n.u-block-635b-2 {min-height: 212px}\n.u-block-635b-20 {height: auto; width: 200px; min-height: 38px; margin-top: 21.5938px; margin-right: 53px; margin-bottom: 0px; margin-left: auto}\n.u-block-635b-8 {margin-top: 0px; margin-right: auto; margin-bottom: 0px; margin-left: 0px; width: 105px; height: 69.5938px}\n.u-block-635b-10 {width: 100%; height: 100%}\n.u-block-635b-11 {width: auto; margin-top: 48.4532px; margin-right: auto; margin-bottom: 0.3595px; margin-left: 148px}\n.u-block-635b-17 {font-size: 1rem; letter-spacing: 0px}\n.u-block-635b-23 {font-size: 1rem; letter-spacing: 0px}\n.u-block-635b-16 {font-size: 1rem; letter-spacing: 0px}\n.u-block-635b-24 {font-size: 1rem; letter-spacing: 0px} }</style>\n</section>","footerHtml":"<section class=\"u-clearfix u-footer u-grey-80 u-block-9116-1\" custom-posts-hash=\"T\" data-style=\"footer-text\" data-post-id=\"Footer-title-subtitle-h1-h2-h3-h4-h5-h6-headline-largeText-text-smallText-blockquote\" data-section-properties=\"{&quot;grid-spacing&quot;:&quot;30&quot;,&quot;spacingAdditional&quot;:&quot;none&quot;,&quot;align&quot;:&quot;center&quot;,&quot;stretch&quot;:true}\" id=\"sec-1039\" data-id=\"9116\">\n  <div class=\"u-clearfix u-sheet u-block-9116-2\">\n    <div class=\"u-align-center u-container-style u-group u-block-9116-3\" data-behind-elements=\"[{':section':0}]\">\n      <div class=\"u-container-layout u-valign-middle u-block-9116-4\">\n        <p class=\"u-small-text u-text u-text-variant u-block-9116-5\">Sample footer text</p>\n      </div>\n    </div>\n  </div>\n  <style data-mode=\"XL\" data-visited=\"true\">@media (min-width: 1200px){ .u-block-9116-2 {min-height: 133px}\n.u-block-9116-3 {min-height: 63px; width: 570px; margin-top: 35px; margin-bottom: 35px; margin-left: auto; margin-right: auto}\n.u-block-9116-4 {padding-left: 60px; padding-right: 60px}\n.u-block-9116-5 {margin-top: 5px; margin-bottom: 5px; margin-left: 0px; margin-right: 0px} }</style>\n  <style data-mode=\"LG\" data-visited=\"true\">@media (max-width: 1199px) and (min-width: 992px){ .u-block-9116-2 {min-height: 133px}\n.u-block-9116-3 {min-height: 63px; width: 470px; margin-top: 35px; margin-bottom: 35px; margin-left: auto; margin-right: auto}\n.u-block-9116-4 {padding-left: 49.4737px; padding-right: 49.4737px}\n.u-block-9116-5 {margin-top: 5px; margin-bottom: 5px; margin-left: 0px; margin-right: 0px} }</style>\n  <style data-mode=\"MD\" data-visited=\"true\">@media (max-width: 991px) and (min-width: 768px){ .u-block-9116-2 {min-height: 133px}\n.u-block-9116-3 {min-height: 63px; width: 360px; margin-top: 35px; margin-bottom: 35px; margin-left: auto; margin-right: auto}\n.u-block-9116-4 {padding-left: 37.8948px; padding-right: 37.8948px}\n.u-block-9116-5 {margin-top: 5px; margin-bottom: 5px; margin-left: 0px; margin-right: 0px} }</style>\n  <style data-mode=\"SM\" data-visited=\"true\">@media (max-width: 767px) and (min-width: 576px){ .u-block-9116-2 {min-height: 133px}\n.u-block-9116-3 {min-height: 63px; width: 337.5px; margin-top: 35px; margin-bottom: 35px; margin-left: auto; margin-right: auto}\n.u-block-9116-4 {padding-left: 28.421px; padding-right: 28.421px}\n.u-block-9116-5 {margin-top: 5px; margin-bottom: 5px; margin-left: 0px; margin-right: 0px} }</style>\n  <style data-mode=\"XS\" data-visited=\"true\">@media (max-width: 575px){ .u-block-9116-2 {min-height: 133px}\n.u-block-9116-3 {min-height: 63px; width: 283.3334px; margin-top: 35px; margin-bottom: 35px; margin-left: auto; margin-right: auto}\n.u-block-9116-4 {padding-left: 17.8948px; padding-right: 17.8948px}\n.u-block-9116-5 {margin-top: 5px; margin-bottom: 5px; margin-left: 0px; margin-right: 0px} }</style>\n</section>","hideBacklink":null,"homePageId":813628,"dateUpdated":1633651917680,"settings":"{\"id\":0,\"colorScheme\":{\"bodyColors\":[\"#111111\",\"#ffffff\"],\"bgColor\":\"#ffffff\",\"colors\":[\"#e3dcd2\",\"#4c637f\",\"#8bc9ba\",\"#92e4fd\",\"#b8c1cc\"],\"shadingContrast\":\"body-alt-color\",\"whiteContrast\":\"body-color\",\"bgContrast\":\"body-color\",\"name\":\"u10\",\"customColors\":[]},\"fontScheme\":{\"name\":\"Roboto-OpenSans\",\"default\":true,\"isDefault\":true,\"fonts\":{\"heading\":\"Roboto, sans-serif\",\"text\":\"Open Sans, sans-serif\",\"accent\":\"Arial, sans-serif\",\"headingTitle\":\"Roboto\",\"textTitle\":\"Open Sans\"}},\"typography\":{\"name\":\"Normal\",\"isDefault\":true,\"title\":{\"font-weight\":\"400\",\"font-size\":4.5,\"line-height\":\"1_1\",\"margin-top\":20,\"margin-bottom\":20,\"SM\":{\"font-size\":3.75},\"XS\":{\"font-size\":3}},\"subtitle\":{\"font-weight\":\"400\",\"font-size\":2.25,\"line-height\":\"1_1\",\"margin-top\":20,\"margin-bottom\":20,\"XS\":{\"font-size\":1.5}},\"h1\":{\"font-weight\":\"400\",\"font-size\":3,\"line-height\":\"1_1\",\"margin-top\":20,\"margin-bottom\":20,\"XS\":{\"font-size\":1.875}},\"h2\":{\"font-weight\":\"400\",\"font-size\":2.25,\"line-height\":\"1_1\",\"margin-top\":20,\"margin-bottom\":20,\"XS\":{\"font-size\":1.5}},\"h3\":{\"font-weight\":\"400\",\"font-size\":1.875,\"line-height\":\"1_2\",\"margin-top\":20,\"margin-bottom\":20,\"XS\":{\"font-size\":1.5}},\"h4\":{\"font-weight\":\"400\",\"font-size\":1.5,\"line-height\":\"1_2\",\"margin-top\":20,\"margin-bottom\":20},\"h5\":{\"font-weight\":\"400\",\"font-size\":1.25,\"line-height\":\"1_2\",\"margin-top\":20,\"margin-bottom\":20},\"h6\":{\"font-weight\":\"400\",\"font-size\":1.125,\"line-height\":\"1_2\",\"margin-top\":20,\"margin-bottom\":20},\"largeText\":{\"font-size\":1.25,\"margin-top\":20,\"margin-bottom\":20},\"smallText\":{\"font-size\":0.875,\"margin-top\":20,\"margin-bottom\":20},\"text\":{\"margin-top\":20,\"margin-bottom\":20},\"hyperlink\":{\"text-color\":\"palette-1-base\"},\"link\":{},\"button\":{\"color\":\"palette-1-base\",\"margin-top\":20,\"margin-bottom\":20},\"blockquote\":{\"font-style\":\"italic\",\"indent\":20,\"border\":4,\"border-color\":\"palette-1-base\",\"margin-top\":20,\"margin-bottom\":20},\"metadata\":{\"margin-top\":20,\"margin-bottom\":20},\"list\":{\"margin-top\":20,\"margin-bottom\":20},\"orderedlist\":{\"margin-top\":20,\"margin-bottom\":20},\"postContent\":{\"margin-top\":20,\"margin-bottom\":20},\"theme\":{\"gradient\":\"\",\"image\":\"\"},\"htmlBaseSize\":16},\"backToTop\":\"<span style=\\\"height: 64px; width: 64px; margin-left: 0px; margin-right: auto; margin-top: 0px; background-image: none; right: 20px; bottom: 20px\\\" class=\\\"u-back-to-top u-icon u-icon-circle u-opacity u-opacity-85 u-palette-1-base u-spacing-15\\\" data-href=\\\"#\\\">\\n        <svg class=\\\"u-svg-link\\\" preserveAspectRatio=\\\"xMidYMin slice\\\" viewBox=\\\"0 0 551.13 551.13\\\">\\n            <use xmlns:xlink=\\\"http://www.w3.org/1999/xlink\\\" xlink:href=\\\"#svg-1d98\\\"></use>\\n        </svg>\\n        <svg class=\\\"u-svg-content\\\" enable-background=\\\"new 0 0 551.13 551.13\\\" viewBox=\\\"0 0 551.13 551.13\\\" xmlns=\\\"http://www.w3.org/2000/svg\\\" id=\\\"svg-1d98\\\">\\n            <path d=\\\"m275.565 189.451 223.897 223.897h51.668l-275.565-275.565-275.565 275.565h51.668z\\\"></path>\\n        </svg>\\n    </span>\",\"cookiesSection\":\"<section class=\\\"u-align-center u-block-6b9e-1 u-clearfix u-cookies-consent u-grey-80\\\" custom-posts-hash=\\\"T\\\" style=\\\"background-image: none\\\" data-post-id=\\\"1\\\" data-section-properties=\\\"{&quot;stretch&quot;:true}\\\" data-id=\\\"6b9e\\\" data-posts-content=\\\"[{'images':[],'maps':[],'videos':[],'icons':[],'textWidth':874,'textHeight':152,'id':1,'headingProp':'h3','textProp':'text'}]\\\" data-style=\\\"cookie-1\\\" id=\\\"sec-2fcf\\\" data-source=\\\"\\\">\\n  <div class=\\\"u-block-6b9e-2 u-clearfix u-sheet u-valign-middle\\\" style=\\\"min-height: 212px\\\" data-state=\\\"{&quot;margin-top&quot;:{&quot;shouldApplyDefaultMargins&quot;:{&quot;XL&quot;:false,&quot;LG&quot;:false,&quot;MD&quot;:false,&quot;SM&quot;:false,&quot;XS&quot;:false},&quot;parentVerticalAlign&quot;:{&quot;XL&quot;:&quot;middle&quot;,&quot;LG&quot;:&quot;middle&quot;,&quot;MD&quot;:&quot;middle&quot;,&quot;SM&quot;:&quot;middle&quot;,&quot;XS&quot;:&quot;middle&quot;}},&quot;margin-bottom&quot;:{&quot;shouldApplyDefaultMargins&quot;:{&quot;XL&quot;:false,&quot;LG&quot;:false,&quot;MD&quot;:false,&quot;SM&quot;:false,&quot;XS&quot;:false},&quot;parentVerticalAlign&quot;:{&quot;XL&quot;:&quot;middle&quot;,&quot;LG&quot;:&quot;middle&quot;,&quot;MD&quot;:&quot;middle&quot;,&quot;SM&quot;:&quot;middle&quot;,&quot;XS&quot;:&quot;middle&quot;}}}\\\" data-height-lg=\\\"158\\\" data-height-md=\\\"131\\\" data-height-sm=\\\"106\\\" data-height-xs=\\\"225\\\">\\n    <div class=\\\"u-block-6b9e-7 u-clearfix u-expanded-width u-layout-wrap\\\" style=\\\"margin-top: 30px; margin-bottom: 30px\\\" data-state=\\\"{&quot;margin-top&quot;:{&quot;shouldApplyDefaultMargins&quot;:{&quot;XL&quot;:false,&quot;LG&quot;:false,&quot;MD&quot;:false,&quot;SM&quot;:true,&quot;XS&quot;:true},&quot;parentVerticalAlign&quot;:{&quot;XL&quot;:&quot;middle&quot;,&quot;LG&quot;:&quot;middle&quot;,&quot;MD&quot;:&quot;middle&quot;,&quot;SM&quot;:&quot;middle&quot;,&quot;XS&quot;:&quot;middle&quot;}},&quot;margin-bottom&quot;:{&quot;shouldApplyDefaultMargins&quot;:{&quot;XL&quot;:false,&quot;LG&quot;:false,&quot;MD&quot;:false,&quot;SM&quot;:true,&quot;XS&quot;:true},&quot;parentVerticalAlign&quot;:{&quot;XL&quot;:&quot;middle&quot;,&quot;LG&quot;:&quot;middle&quot;,&quot;MD&quot;:&quot;middle&quot;,&quot;SM&quot;:&quot;middle&quot;,&quot;XS&quot;:&quot;middle&quot;}}}\\\">\\n      <div class=\\\"u-gutter-0 u-layout\\\">\\n        <div class=\\\"u-layout-row\\\">\\n          <div class=\\\"u-block-6b9e-8 u-container-style u-layout-cell u-left-cell u-size-43-md u-size-43-sm u-size-43-xs u-size-46-lg u-size-46-xl\\\" style=\\\"min-height: 152px\\\" data-state=\\\"{&quot;min-height&quot;:{&quot;expandedParent&quot;:{&quot;XL&quot;:true,&quot;LG&quot;:true,&quot;MD&quot;:true,&quot;SM&quot;:true,&quot;XS&quot;:true},&quot;cellMultiplier&quot;:{&quot;XL&quot;:1,&quot;LG&quot;:1,&quot;MD&quot;:0.9347826086956521,&quot;SM&quot;:1.3953488372093024,&quot;XS&quot;:1},&quot;canCollapse&quot;:{&quot;XL&quot;:false,&quot;LG&quot;:false,&quot;MD&quot;:true,&quot;SM&quot;:true,&quot;XS&quot;:true}}}\\\">\\n            <div class=\\\"u-block-6b9e-9 u-container-layout u-valign-middle\\\" style=\\\"padding-top: 30px; padding-bottom: 30px; padding-left: 60px; padding-right: 60px\\\" data-state=\\\"{&quot;min-height&quot;:{&quot;canCollapse&quot;:{&quot;XL&quot;:false,&quot;LG&quot;:false,&quot;MD&quot;:false,&quot;SM&quot;:false,&quot;XS&quot;:false}}}\\\">\\n              <h3 class=\\\"u-block-6b9e-6 u-text u-text-default\\\" style=\\\"margin-top: 0px; margin-right: 20px; margin-bottom: 0px;\\\">Cookies &amp; Privacy</h3>\\n              <p class=\\\"u-block-6b9e-5 u-text u-text-default\\\" style=\\\"margin: 8px 20px 0px 0px;\\\">This website uses cookies to ensure you get the best experience on our website.</p>\\n            </div>\\n          </div>\\n          <div class=\\\"u-align-left u-block-6b9e-10 u-container-style u-layout-cell u-right-cell u-size-14-lg u-size-14-xl u-size-17-md u-size-17-sm u-size-17-xs\\\" style=\\\"min-height: 152px\\\" data-state=\\\"{&quot;min-height&quot;:{&quot;expandedParent&quot;:{&quot;XL&quot;:true,&quot;LG&quot;:true,&quot;MD&quot;:true,&quot;SM&quot;:true,&quot;XS&quot;:true},&quot;cellMultiplier&quot;:{&quot;XL&quot;:1,&quot;LG&quot;:1,&quot;MD&quot;:1.2142857142857142,&quot;SM&quot;:3.5294117647058822,&quot;XS&quot;:1},&quot;canCollapse&quot;:{&quot;XL&quot;:false,&quot;LG&quot;:false,&quot;MD&quot;:true,&quot;SM&quot;:true,&quot;XS&quot;:true}}}\\\">\\n            <div class=\\\"u-block-6b9e-11 u-container-layout u-valign-middle-lg u-valign-middle-md u-valign-middle-xl u-valign-top-sm u-valign-top-xs\\\" style=\\\"padding-top: 30px; padding-bottom: 30px; padding-left: 30px; padding-right: 30px\\\" data-state=\\\"{&quot;min-height&quot;:{&quot;canCollapse&quot;:{&quot;XL&quot;:false,&quot;LG&quot;:false,&quot;MD&quot;:false,&quot;SM&quot;:false,&quot;XS&quot;:false}}}\\\">\\n              <a href=\\\"###\\\" class=\\\"u-block-6b9e-3 u-btn u-button-confirm u-button-style u-palette-1-base\\\" style=\\\"margin-top: 0px; margin-right: auto; margin-bottom: 0px; margin-left: 0px\\\">Confirm</a>\\n            </div>\\n          </div>\\n        </div>\\n      </div>\\n    </div>\\n  </div>\\n  <style data-mode=\\\"XL\\\">@media (max-width: 0px) { .u-block-6b9e-1 {background-image: none}\\n.u-block-6b9e-2 {min-height: 212px}\\n.u-block-6b9e-7 {margin-top: 30px; margin-bottom: 30px}\\n.u-block-6b9e-8 {min-height: 152px}\\n.u-block-6b9e-9 {padding-top: 30px; padding-bottom: 30px; padding-left: 60px; padding-right: 60px}\\n.u-block-6b9e-6 {margin-top: 0px; margin-right: 20px; margin-bottom: 0px}\\n.u-block-6b9e-5 {margin-top: 8px; margin-right: 20px; margin-bottom: 0px; margin-left: 0px}\\n.u-block-6b9e-10 {min-height: 152px}\\n.u-block-6b9e-11 {padding-top: 30px; padding-bottom: 30px; padding-left: 30px; padding-right: 30px}\\n.u-block-6b9e-3 {margin-top: 0px; margin-right: auto; margin-bottom: 0px; margin-left: 0px} }</style>\\n  <style data-mode=\\\"LG\\\">@media (max-width: 0px) { .u-block-6b9e-1 {background-image: none}\\n.u-block-6b9e-2 {min-height: 131px}\\n.u-block-6b9e-7 {margin-top: 30px; margin-bottom: 30px}\\n.u-block-6b9e-8 {min-height: 125px}\\n.u-block-6b9e-9 {padding-top: 30px; padding-bottom: 30px; padding-left: 60px; padding-right: 60px}\\n.u-block-6b9e-6 {margin-top: 0px; margin-right: 0px; margin-bottom: 0px}\\n.u-block-6b9e-5 {margin-top: 8px; margin-right: 0px; margin-bottom: 0px; margin-left: 0px}\\n.u-block-6b9e-10 {min-height: 125px}\\n.u-block-6b9e-11 {padding-top: 30px; padding-bottom: 30px; padding-left: 30px; padding-right: 30px}\\n.u-block-6b9e-3 {margin-top: 0px; margin-right: auto; margin-bottom: 0px; margin-left: 0px} }</style>\\n  <style data-mode=\\\"MD\\\" data-visited=\\\"true\\\">@media (max-width: 0px) { .u-block-6b9e-1 {background-image: none}\\n.u-block-6b9e-2 {min-height: 106px}\\n.u-block-6b9e-7 {margin-top: 30px; margin-bottom: 30px}\\n.u-block-6b9e-8 {min-height: 100px}\\n.u-block-6b9e-9 {padding-top: 30px; padding-bottom: 30px; padding-left: 30px; padding-right: 30px}\\n.u-block-6b9e-6 {margin-top: 0px; margin-right: 0px; margin-bottom: 0px}\\n.u-block-6b9e-5 {margin-top: 8px; margin-right: 0px; margin-bottom: 0px; margin-left: 0px}\\n.u-block-6b9e-10 {min-height: 100px}\\n.u-block-6b9e-11 {padding-top: 30px; padding-bottom: 30px; padding-left: 30px; padding-right: 30px}\\n.u-block-6b9e-3 {margin-top: 0px; margin-right: auto; margin-bottom: 0px; margin-left: 0px} }</style>\\n  <style data-mode=\\\"SM\\\" data-visited=\\\"true\\\">@media (max-width: 0px) { .u-block-6b9e-1 {background-image: none}\\n.u-block-6b9e-2 {min-height: 225px}\\n.u-block-6b9e-7 {margin-top: 30px; margin-bottom: 30px}\\n.u-block-6b9e-8 {min-height: 154px}\\n.u-block-6b9e-9 {padding-top: 30px; padding-left: 10px; padding-right: 10px; padding-bottom: 20px}\\n.u-block-6b9e-6 {margin-top: 0px; margin-right: 0px; margin-bottom: 0px}\\n.u-block-6b9e-5 {margin-top: 8px; margin-right: 0px; margin-bottom: 0px; margin-left: 0px}\\n.u-block-6b9e-10 {min-height: 65px}\\n.u-block-6b9e-11 {padding-top: 10px; padding-bottom: 10px; padding-left: 10px; padding-right: 10px}\\n.u-block-6b9e-3 {margin-top: 0px; margin-right: auto; margin-bottom: 0px; margin-left: 0px} }</style>\\n  <style data-mode=\\\"XS\\\" data-visited=\\\"true\\\">@media (max-width: 0px) { .u-block-6b9e-1 {background-image: none}\\n.u-block-6b9e-2 {min-height: 121px}\\n.u-block-6b9e-7 {margin-top: 30px; margin-bottom: 30px}\\n.u-block-6b9e-8 {min-height: 100px}\\n.u-block-6b9e-9 {padding-top: 30px; padding-bottom: 20px; padding-left: 10px; padding-right: 10px}\\n.u-block-6b9e-6 {margin-top: 0px; margin-right: 0px; margin-bottom: 0px}\\n.u-block-6b9e-5 {margin-top: 8px; margin-right: 0px; margin-bottom: 0px; margin-left: 0px}\\n.u-block-6b9e-10 {min-height: 15px}\\n.u-block-6b9e-11 {padding-top: 10px; padding-bottom: 10px; padding-left: 10px; padding-right: 10px}\\n.u-block-6b9e-3 {margin-top: 0px; margin-right: auto; margin-bottom: 0px; margin-left: 0px} }</style>\\n</section>\",\"themeBackLinks\":\"\",\"blog\":\"{\\\"posts\\\":{\\\"items\\\":[]}}\"}","dialog":null,"title":"WebSite813627","siteStyleCss":"<style id=\"color-scheme\" color-scheme=\"u10\" color-style=\"monochrome-4\">.u-body {\n--none: transparent;\n--none-darker: transparent;\n--none-r: 255;\n--none-g: 255;\n--none-b: 255;\n--none-contrast: body-color;\n--none-contrast-darker: body-color;\n--none-text-color: var(--body-color);\n--body-color: #111111;\n--body-color-darker: #0f0f0f;\n--body-color-r: 17;\n--body-color-g: 17;\n--body-color-b: 17;\n--body-color-contrast: white;\n--body-color-contrast-darker: white;\n--body-color-text-color: var(--body-alt-color);\n--body-alt-color: #ffffff;\n--body-alt-color-darker: #e6e6e6;\n--body-alt-color-r: 255;\n--body-alt-color-g: 255;\n--body-alt-color-b: 255;\n--body-alt-color-contrast: black;\n--body-alt-color-contrast-darker: black;\n--body-alt-color-text-color: var(--body-color);\n--bg-color: #ffffff;\n--bg-color-darker: #e6e6e6;\n--bg-color-r: 255;\n--bg-color-g: 255;\n--bg-color-b: 255;\n--bg-color-contrast: black;\n--bg-color-contrast-darker: black;\n--bg-color-text-color: var(--body-color);\n--palette-1-base: #e3dcd2;\n--palette-1-base-darker: #d2c7b7;\n--palette-1-base-r: 227;\n--palette-1-base-g: 220;\n--palette-1-base-b: 210;\n--palette-1-base-contrast: black;\n--palette-1-base-contrast-darker: black;\n--palette-1-base-text-color: var(--body-color);\n--palette-1-dark-3: #332f29;\n--palette-1-dark-3-darker: #2e2a25;\n--palette-1-dark-3-r: 51;\n--palette-1-dark-3-g: 47;\n--palette-1-dark-3-b: 41;\n--palette-1-dark-3-contrast: white;\n--palette-1-dark-3-contrast-darker: white;\n--palette-1-dark-3-text-color: var(--body-alt-color);\n--palette-1-dark-2: #61584c;\n--palette-1-dark-2-darker: #574f44;\n--palette-1-dark-2-r: 97;\n--palette-1-dark-2-g: 88;\n--palette-1-dark-2-b: 76;\n--palette-1-dark-2-contrast: white;\n--palette-1-dark-2-contrast-darker: white;\n--palette-1-dark-2-text-color: var(--body-alt-color);\n--palette-1-dark-1: #8f816d;\n--palette-1-dark-1-darker: #817462;\n--palette-1-dark-1-r: 143;\n--palette-1-dark-1-g: 129;\n--palette-1-dark-1-b: 109;\n--palette-1-dark-1-contrast: white;\n--palette-1-dark-1-contrast-darker: white;\n--palette-1-dark-1-text-color: var(--body-alt-color);\n--palette-1: #bca98d;\n--palette-1-darker: #b09978;\n--palette-1-r: 188;\n--palette-1-g: 169;\n--palette-1-b: 141;\n--palette-1-contrast: white;\n--palette-1-contrast-darker: white;\n--palette-1-text-color: var(--body-alt-color);\n--palette-1-light-1: #d0c2ae;\n--palette-1-light-1-darker: #c2b096;\n--palette-1-light-1-r: 208;\n--palette-1-light-1-g: 194;\n--palette-1-light-1-b: 174;\n--palette-1-light-1-contrast: black;\n--palette-1-light-1-contrast-darker: white;\n--palette-1-light-1-text-color: var(--body-color);\n--palette-1-light-2: #e3dcd2;\n--palette-1-light-2-darker: #d2c7b7;\n--palette-1-light-2-r: 227;\n--palette-1-light-2-g: 220;\n--palette-1-light-2-b: 210;\n--palette-1-light-2-contrast: black;\n--palette-1-light-2-contrast-darker: black;\n--palette-1-light-2-text-color: var(--body-color);\n--palette-1-light-3: #fcfaf7;\n--palette-1-light-3-darker: #eee3d3;\n--palette-1-light-3-r: 252;\n--palette-1-light-3-g: 250;\n--palette-1-light-3-b: 247;\n--palette-1-light-3-contrast: black;\n--palette-1-light-3-contrast-darker: black;\n--palette-1-light-3-text-color: var(--body-color);\n--palette-2-base: #4c637f;\n--palette-2-base-darker: #445972;\n--palette-2-base-r: 76;\n--palette-2-base-g: 99;\n--palette-2-base-b: 127;\n--palette-2-base-contrast: white;\n--palette-2-base-contrast-darker: white;\n--palette-2-base-text-color: var(--body-alt-color);\n--palette-2-dark-3: #292d33;\n--palette-2-dark-3-darker: #25292e;\n--palette-2-dark-3-r: 41;\n--palette-2-dark-3-g: 45;\n--palette-2-dark-3-b: 51;\n--palette-2-dark-3-contrast: white;\n--palette-2-dark-3-contrast-darker: white;\n--palette-2-dark-3-text-color: var(--body-alt-color);\n--palette-2-dark-2: #3e4a59;\n--palette-2-dark-2-darker: #384350;\n--palette-2-dark-2-r: 62;\n--palette-2-dark-2-g: 74;\n--palette-2-dark-2-b: 89;\n--palette-2-dark-2-contrast: white;\n--palette-2-dark-2-contrast-darker: white;\n--palette-2-dark-2-text-color: var(--body-alt-color);\n--palette-2-dark-1: #4c637f;\n--palette-2-dark-1-darker: #445972;\n--palette-2-dark-1-r: 76;\n--palette-2-dark-1-g: 99;\n--palette-2-dark-1-b: 127;\n--palette-2-dark-1-contrast: white;\n--palette-2-dark-1-contrast-darker: white;\n--palette-2-dark-1-text-color: var(--body-alt-color);\n--palette-2: #85a0c1;\n--palette-2-darker: #6f8fb6;\n--palette-2-r: 133;\n--palette-2-g: 160;\n--palette-2-b: 193;\n--palette-2-contrast: white;\n--palette-2-contrast-darker: white;\n--palette-2-text-color: var(--body-alt-color);\n--palette-2-light-1: #a6bbd4;\n--palette-2-light-1-darker: #8da8c8;\n--palette-2-light-1-r: 166;\n--palette-2-light-1-g: 187;\n--palette-2-light-1-b: 212;\n--palette-2-light-1-contrast: white;\n--palette-2-light-1-contrast-darker: white;\n--palette-2-light-1-text-color: var(--body-alt-color);\n--palette-2-light-2: #cad7e6;\n--palette-2-light-2-darker: #adc1d8;\n--palette-2-light-2-r: 202;\n--palette-2-light-2-g: 215;\n--palette-2-light-2-b: 230;\n--palette-2-light-2-contrast: black;\n--palette-2-light-2-contrast-darker: black;\n--palette-2-light-2-text-color: var(--body-color);\n--palette-2-light-3: #f1f5f9;\n--palette-2-light-3-darker: #cfddea;\n--palette-2-light-3-r: 241;\n--palette-2-light-3-g: 245;\n--palette-2-light-3-b: 249;\n--palette-2-light-3-contrast: black;\n--palette-2-light-3-contrast-darker: black;\n--palette-2-light-3-text-color: var(--body-color);\n--palette-3-base: #8bc9ba;\n--palette-3-base-darker: #74beac;\n--palette-3-base-r: 139;\n--palette-3-base-g: 201;\n--palette-3-base-b: 186;\n--palette-3-base-contrast: black;\n--palette-3-base-contrast-darker: white;\n--palette-3-base-text-color: var(--body-color);\n--palette-3-dark-3: #293331;\n--palette-3-dark-3-darker: #252e2c;\n--palette-3-dark-3-r: 41;\n--palette-3-dark-3-g: 51;\n--palette-3-dark-3-b: 49;\n--palette-3-dark-3-contrast: white;\n--palette-3-dark-3-contrast-darker: white;\n--palette-3-dark-3-text-color: var(--body-alt-color);\n--palette-3-dark-2: #4d655f;\n--palette-3-dark-2-darker: #455b56;\n--palette-3-dark-2-r: 77;\n--palette-3-dark-2-g: 101;\n--palette-3-dark-2-b: 95;\n--palette-3-dark-2-contrast: white;\n--palette-3-dark-2-contrast-darker: white;\n--palette-3-dark-2-text-color: var(--body-alt-color);\n--palette-3-dark-1: #6e978d;\n--palette-3-dark-1-darker: #62897f;\n--palette-3-dark-1-r: 110;\n--palette-3-dark-1-g: 151;\n--palette-3-dark-1-b: 141;\n--palette-3-dark-1-contrast: white;\n--palette-3-dark-1-contrast-darker: white;\n--palette-3-dark-1-text-color: var(--body-alt-color);\n--palette-3: #8bc9ba;\n--palette-3-darker: #74beac;\n--palette-3-r: 139;\n--palette-3-g: 201;\n--palette-3-b: 186;\n--palette-3-contrast: black;\n--palette-3-contrast-darker: white;\n--palette-3-text-color: var(--body-color);\n--palette-3-light-1: #aad9ce;\n--palette-3-light-1-darker: #8fcdbf;\n--palette-3-light-1-r: 170;\n--palette-3-light-1-g: 217;\n--palette-3-light-1-b: 206;\n--palette-3-light-1-contrast: black;\n--palette-3-light-1-contrast-darker: black;\n--palette-3-light-1-text-color: var(--body-color);\n--palette-3-light-2: #cde9e2;\n--palette-3-light-2-darker: #afdcd0;\n--palette-3-light-2-r: 205;\n--palette-3-light-2-g: 233;\n--palette-3-light-2-b: 226;\n--palette-3-light-2-contrast: black;\n--palette-3-light-2-contrast-darker: black;\n--palette-3-light-2-text-color: var(--body-color);\n--palette-3-light-3: #f2faf8;\n--palette-3-light-3-darker: #ceece5;\n--palette-3-light-3-r: 242;\n--palette-3-light-3-g: 250;\n--palette-3-light-3-b: 248;\n--palette-3-light-3-contrast: black;\n--palette-3-light-3-contrast-darker: black;\n--palette-3-light-3-text-color: var(--body-color);\n--palette-4-base: #92e4fd;\n--palette-4-base-darker: #6bdafc;\n--palette-4-base-r: 146;\n--palette-4-base-g: 228;\n--palette-4-base-b: 253;\n--palette-4-base-contrast: black;\n--palette-4-base-contrast-darker: black;\n--palette-4-base-text-color: var(--body-color);\n--palette-4-dark-3: #293133;\n--palette-4-dark-3-darker: #252c2e;\n--palette-4-dark-3-r: 41;\n--palette-4-dark-3-g: 49;\n--palette-4-dark-3-b: 51;\n--palette-4-dark-3-contrast: white;\n--palette-4-dark-3-contrast-darker: white;\n--palette-4-dark-3-text-color: var(--body-alt-color);\n--palette-4-dark-2: #496168;\n--palette-4-dark-2-darker: #42575e;\n--palette-4-dark-2-r: 73;\n--palette-4-dark-2-g: 97;\n--palette-4-dark-2-b: 104;\n--palette-4-dark-2-contrast: white;\n--palette-4-dark-2-contrast-darker: white;\n--palette-4-dark-2-text-color: var(--body-alt-color);\n--palette-4-dark-1: #5f8e9c;\n--palette-4-dark-1-darker: #56808c;\n--palette-4-dark-1-r: 95;\n--palette-4-dark-1-g: 142;\n--palette-4-dark-1-b: 156;\n--palette-4-dark-1-contrast: white;\n--palette-4-dark-1-contrast-darker: white;\n--palette-4-dark-1-text-color: var(--body-alt-color);\n--palette-4: #6cb9d1;\n--palette-4-darker: #54aec9;\n--palette-4-r: 108;\n--palette-4-g: 185;\n--palette-4-b: 209;\n--palette-4-contrast: white;\n--palette-4-contrast-darker: white;\n--palette-4-text-color: var(--body-alt-color);\n--palette-4-light-1: #92e4fd;\n--palette-4-light-1-darker: #6bdafc;\n--palette-4-light-1-r: 146;\n--palette-4-light-1-g: 228;\n--palette-4-light-1-b: 253;\n--palette-4-light-1-contrast: black;\n--palette-4-light-1-contrast-darker: black;\n--palette-4-light-1-text-color: var(--body-color);\n--palette-4-light-2: #c3f0fe;\n--palette-4-light-2-darker: #97e5fd;\n--palette-4-light-2-r: 195;\n--palette-4-light-2-g: 240;\n--palette-4-light-2-b: 254;\n--palette-4-light-2-contrast: black;\n--palette-4-light-2-contrast-darker: black;\n--palette-4-light-2-text-color: var(--body-color);\n--palette-4-light-3: #f4fcff;\n--palette-4-light-3-darker: #c2eeff;\n--palette-4-light-3-r: 244;\n--palette-4-light-3-g: 252;\n--palette-4-light-3-b: 255;\n--palette-4-light-3-contrast: black;\n--palette-4-light-3-contrast-darker: black;\n--palette-4-light-3-text-color: var(--body-color);\n--palette-5-base: #b8c1cc;\n--palette-5-base-darker: #a1adbc;\n--palette-5-base-r: 184;\n--palette-5-base-g: 193;\n--palette-5-base-b: 204;\n--palette-5-base-contrast: black;\n--palette-5-base-contrast-darker: white;\n--palette-5-base-text-color: var(--body-color);\n--palette-5-dark-3: #292d33;\n--palette-5-dark-3-darker: #25292e;\n--palette-5-dark-3-r: 41;\n--palette-5-dark-3-g: 45;\n--palette-5-dark-3-b: 51;\n--palette-5-dark-3-contrast: white;\n--palette-5-dark-3-contrast-darker: white;\n--palette-5-dark-3-text-color: var(--body-alt-color);\n--palette-5-dark-2: #555d66;\n--palette-5-dark-2-darker: #4d545c;\n--palette-5-dark-2-r: 85;\n--palette-5-dark-2-g: 93;\n--palette-5-dark-2-b: 102;\n--palette-5-dark-2-contrast: white;\n--palette-5-dark-2-contrast-darker: white;\n--palette-5-dark-2-text-color: var(--body-alt-color);\n--palette-5-dark-1: #858e99;\n--palette-5-dark-1-darker: #75808c;\n--palette-5-dark-1-r: 133;\n--palette-5-dark-1-g: 142;\n--palette-5-dark-1-b: 153;\n--palette-5-dark-1-contrast: white;\n--palette-5-dark-1-contrast-darker: white;\n--palette-5-dark-1-text-color: var(--body-alt-color);\n--palette-5: #b8c1cc;\n--palette-5-darker: #a1adbc;\n--palette-5-r: 184;\n--palette-5-g: 193;\n--palette-5-b: 204;\n--palette-5-contrast: black;\n--palette-5-contrast-darker: white;\n--palette-5-text-color: var(--body-color);\n--palette-5-light-1: #ccd3db;\n--palette-5-light-1-darker: #b3bec9;\n--palette-5-light-1-r: 204;\n--palette-5-light-1-g: 211;\n--palette-5-light-1-b: 219;\n--palette-5-light-1-contrast: black;\n--palette-5-light-1-contrast-darker: black;\n--palette-5-light-1-text-color: var(--body-color);\n--palette-5-light-2: #e0e5eb;\n--palette-5-light-2-darker: #c4ced9;\n--palette-5-light-2-r: 224;\n--palette-5-light-2-g: 229;\n--palette-5-light-2-b: 235;\n--palette-5-light-2-contrast: black;\n--palette-5-light-2-contrast-darker: black;\n--palette-5-light-2-text-color: var(--body-color);\n--palette-5-light-3: #f5f7fa;\n--palette-5-light-3-darker: #d4dde9;\n--palette-5-light-3-r: 245;\n--palette-5-light-3-g: 247;\n--palette-5-light-3-b: 250;\n--palette-5-light-3-contrast: black;\n--palette-5-light-3-contrast-darker: black;\n--palette-5-light-3-text-color: var(--body-color);\n--grey-40: #999999;\n--grey-40-darker: #8a8a8a;\n--grey-40-r: 153;\n--grey-40-g: 153;\n--grey-40-b: 153;\n--grey-40-contrast: white;\n--grey-40-contrast-darker: white;\n--grey-40-text-color: var(--body-alt-color);\n--grey-30: #b3b3b3;\n--grey-30-darker: #a1a1a1;\n--grey-30-r: 179;\n--grey-30-g: 179;\n--grey-30-b: 179;\n--grey-30-contrast: white;\n--grey-30-contrast-darker: white;\n--grey-30-text-color: var(--body-alt-color);\n--grey-25: #c0c0c0;\n--grey-25-darker: #adadad;\n--grey-25-r: 192;\n--grey-25-g: 192;\n--grey-25-b: 192;\n--grey-25-contrast: black;\n--grey-25-contrast-darker: white;\n--grey-25-text-color: var(--body-color);\n--white: #ffffff;\n--white-darker: #e6e6e6;\n--white-r: 255;\n--white-g: 255;\n--white-b: 255;\n--white-contrast: black;\n--white-contrast-darker: black;\n--white-text-color: var(--body-color);\n--grey-15: #d9d9d9;\n--grey-15-darker: #c3c3c3;\n--grey-15-r: 217;\n--grey-15-g: 217;\n--grey-15-b: 217;\n--grey-15-contrast: black;\n--grey-15-contrast-darker: black;\n--grey-15-text-color: var(--body-color);\n--grey-10: #e5e5e5;\n--grey-10-darker: #cecece;\n--grey-10-r: 229;\n--grey-10-g: 229;\n--grey-10-b: 229;\n--grey-10-contrast: black;\n--grey-10-contrast-darker: black;\n--grey-10-text-color: var(--body-color);\n--grey-5: #f2f2f2;\n--grey-5-darker: #dadada;\n--grey-5-r: 242;\n--grey-5-g: 242;\n--grey-5-b: 242;\n--grey-5-contrast: black;\n--grey-5-contrast-darker: black;\n--grey-5-text-color: var(--body-color);\n--grey-90: #1a1a1a;\n--grey-90-darker: #171717;\n--grey-90-r: 26;\n--grey-90-g: 26;\n--grey-90-b: 26;\n--grey-90-contrast: white;\n--grey-90-contrast-darker: white;\n--grey-90-text-color: var(--body-alt-color);\n--grey-80: #333333;\n--grey-80-darker: #2e2e2e;\n--grey-80-r: 51;\n--grey-80-g: 51;\n--grey-80-b: 51;\n--grey-80-contrast: white;\n--grey-80-contrast-darker: white;\n--grey-80-text-color: var(--body-alt-color);\n--grey-75: #404040;\n--grey-75-darker: #3a3a3a;\n--grey-75-r: 64;\n--grey-75-g: 64;\n--grey-75-b: 64;\n--grey-75-contrast: white;\n--grey-75-contrast-darker: white;\n--grey-75-text-color: var(--body-alt-color);\n--black: #000000;\n--black-darker: #000000;\n--black-r: 0;\n--black-g: 0;\n--black-b: 0;\n--black-contrast: white;\n--black-contrast-darker: white;\n--black-text-color: var(--body-alt-color);\n--grey-70: #4d4d4d;\n--grey-70-darker: #454545;\n--grey-70-r: 77;\n--grey-70-g: 77;\n--grey-70-b: 77;\n--grey-70-contrast: white;\n--grey-70-contrast-darker: white;\n--grey-70-text-color: var(--body-alt-color);\n--grey-60: #666666;\n--grey-60-darker: #5c5c5c;\n--grey-60-r: 102;\n--grey-60-g: 102;\n--grey-60-b: 102;\n--grey-60-contrast: white;\n--grey-60-contrast-darker: white;\n--grey-60-text-color: var(--body-alt-color);\n--grey-50: #808080;\n--grey-50-darker: #737373;\n--grey-50-r: 128;\n--grey-50-g: 128;\n--grey-50-b: 128;\n--grey-50-contrast: white;\n--grey-50-contrast-darker: white;\n--grey-50-text-color: var(--body-alt-color);\n--grey-dark-3: #212121;\n--grey-dark-3-darker: #1e1e1e;\n--grey-dark-3-r: 33;\n--grey-dark-3-g: 33;\n--grey-dark-3-b: 33;\n--grey-dark-3-contrast: white;\n--grey-dark-3-contrast-darker: white;\n--grey-dark-3-text-color: var(--body-alt-color);\n--grey-dark-2: #333333;\n--grey-dark-2-darker: #2e2e2e;\n--grey-dark-2-r: 51;\n--grey-dark-2-g: 51;\n--grey-dark-2-b: 51;\n--grey-dark-2-contrast: white;\n--grey-dark-2-contrast-darker: white;\n--grey-dark-2-text-color: var(--body-alt-color);\n--grey-dark-1: #454545;\n--grey-dark-1-darker: #3e3e3e;\n--grey-dark-1-r: 69;\n--grey-dark-1-g: 69;\n--grey-dark-1-b: 69;\n--grey-dark-1-contrast: white;\n--grey-dark-1-contrast-darker: white;\n--grey-dark-1-text-color: var(--body-alt-color);\n--grey: #b3b3b3;\n--grey-darker: #a1a1a1;\n--grey-r: 179;\n--grey-g: 179;\n--grey-b: 179;\n--grey-contrast: white;\n--grey-contrast-darker: white;\n--grey-text-color: var(--body-alt-color);\n--grey-light-1: #d9d9d9;\n--grey-light-1-darker: #c3c3c3;\n--grey-light-1-r: 217;\n--grey-light-1-g: 217;\n--grey-light-1-b: 217;\n--grey-light-1-contrast: black;\n--grey-light-1-contrast-darker: black;\n--grey-light-1-text-color: var(--body-color);\n--grey-light-2: #eeeeee;\n--grey-light-2-darker: #d6d6d6;\n--grey-light-2-r: 238;\n--grey-light-2-g: 238;\n--grey-light-2-b: 238;\n--grey-light-2-contrast: black;\n--grey-light-2-contrast-darker: black;\n--grey-light-2-text-color: var(--body-color);\n--grey-light-3: #f6f6f6;\n--grey-light-3-darker: #dddddd;\n--grey-light-3-r: 246;\n--grey-light-3-g: 246;\n--grey-light-3-b: 246;\n--grey-light-3-contrast: black;\n--grey-light-3-contrast-darker: black;\n--grey-light-3-text-color: var(--body-color);\n--color-1-base: #92e4fd;\n--color-1-base-darker: #6bdafc;\n--color-1-base-r: 146;\n--color-1-base-g: 228;\n--color-1-base-b: 253;\n--color-1-base-contrast: black;\n--color-1-base-contrast-darker: black;\n--color-1-base-text-color: var(--body-color);\n--color-1-dark-3: #293133;\n--color-1-dark-3-darker: #252c2e;\n--color-1-dark-3-r: 41;\n--color-1-dark-3-g: 49;\n--color-1-dark-3-b: 51;\n--color-1-dark-3-contrast: white;\n--color-1-dark-3-contrast-darker: white;\n--color-1-dark-3-text-color: var(--body-alt-color);\n--color-1-dark-2: #496168;\n--color-1-dark-2-darker: #42575e;\n--color-1-dark-2-r: 73;\n--color-1-dark-2-g: 97;\n--color-1-dark-2-b: 104;\n--color-1-dark-2-contrast: white;\n--color-1-dark-2-contrast-darker: white;\n--color-1-dark-2-text-color: var(--body-alt-color);\n--color-1-dark-1: #5f8e9c;\n--color-1-dark-1-darker: #56808c;\n--color-1-dark-1-r: 95;\n--color-1-dark-1-g: 142;\n--color-1-dark-1-b: 156;\n--color-1-dark-1-contrast: white;\n--color-1-dark-1-contrast-darker: white;\n--color-1-dark-1-text-color: var(--body-alt-color);\n--color-1: #6cb9d1;\n--color-1-darker: #54aec9;\n--color-1-r: 108;\n--color-1-g: 185;\n--color-1-b: 209;\n--color-1-contrast: white;\n--color-1-contrast-darker: white;\n--color-1-text-color: var(--body-alt-color);\n--color-1-light-1: #92e4fd;\n--color-1-light-1-darker: #6bdafc;\n--color-1-light-1-r: 146;\n--color-1-light-1-g: 228;\n--color-1-light-1-b: 253;\n--color-1-light-1-contrast: black;\n--color-1-light-1-contrast-darker: black;\n--color-1-light-1-text-color: var(--body-color);\n--color-1-light-2: #c3f0fe;\n--color-1-light-2-darker: #97e5fd;\n--color-1-light-2-r: 195;\n--color-1-light-2-g: 240;\n--color-1-light-2-b: 254;\n--color-1-light-2-contrast: black;\n--color-1-light-2-contrast-darker: black;\n--color-1-light-2-text-color: var(--body-color);\n--color-1-light-3: #f4fcff;\n--color-1-light-3-darker: #c2eeff;\n--color-1-light-3-r: 244;\n--color-1-light-3-g: 252;\n--color-1-light-3-b: 255;\n--color-1-light-3-contrast: black;\n--color-1-light-3-contrast-darker: black;\n--color-1-light-3-text-color: var(--body-color);\n--color-2-base: #b8c1cc;\n--color-2-base-darker: #a1adbc;\n--color-2-base-r: 184;\n--color-2-base-g: 193;\n--color-2-base-b: 204;\n--color-2-base-contrast: black;\n--color-2-base-contrast-darker: white;\n--color-2-base-text-color: var(--body-color);\n--color-2-dark-3: #292d33;\n--color-2-dark-3-darker: #25292e;\n--color-2-dark-3-r: 41;\n--color-2-dark-3-g: 45;\n--color-2-dark-3-b: 51;\n--color-2-dark-3-contrast: white;\n--color-2-dark-3-contrast-darker: white;\n--color-2-dark-3-text-color: var(--body-alt-color);\n--color-2-dark-2: #555d66;\n--color-2-dark-2-darker: #4d545c;\n--color-2-dark-2-r: 85;\n--color-2-dark-2-g: 93;\n--color-2-dark-2-b: 102;\n--color-2-dark-2-contrast: white;\n--color-2-dark-2-contrast-darker: white;\n--color-2-dark-2-text-color: var(--body-alt-color);\n--color-2-dark-1: #858e99;\n--color-2-dark-1-darker: #75808c;\n--color-2-dark-1-r: 133;\n--color-2-dark-1-g: 142;\n--color-2-dark-1-b: 153;\n--color-2-dark-1-contrast: white;\n--color-2-dark-1-contrast-darker: white;\n--color-2-dark-1-text-color: var(--body-alt-color);\n--color-2: #b8c1cc;\n--color-2-darker: #a1adbc;\n--color-2-r: 184;\n--color-2-g: 193;\n--color-2-b: 204;\n--color-2-contrast: black;\n--color-2-contrast-darker: white;\n--color-2-text-color: var(--body-color);\n--color-2-light-1: #ccd3db;\n--color-2-light-1-darker: #b3bec9;\n--color-2-light-1-r: 204;\n--color-2-light-1-g: 211;\n--color-2-light-1-b: 219;\n--color-2-light-1-contrast: black;\n--color-2-light-1-contrast-darker: black;\n--color-2-light-1-text-color: var(--body-color);\n--color-2-light-2: #e0e5eb;\n--color-2-light-2-darker: #c4ced9;\n--color-2-light-2-r: 224;\n--color-2-light-2-g: 229;\n--color-2-light-2-b: 235;\n--color-2-light-2-contrast: black;\n--color-2-light-2-contrast-darker: black;\n--color-2-light-2-text-color: var(--body-color);\n--color-2-light-3: #f5f7fa;\n--color-2-light-3-darker: #d4dde9;\n--color-2-light-3-r: 245;\n--color-2-light-3-g: 247;\n--color-2-light-3-b: 250;\n--color-2-light-3-contrast: black;\n--color-2-light-3-contrast-darker: black;\n--color-2-light-3-text-color: var(--body-color);\n--color-3-base: #e3dcd2;\n--color-3-base-darker: #d2c7b7;\n--color-3-base-r: 227;\n--color-3-base-g: 220;\n--color-3-base-b: 210;\n--color-3-base-contrast: black;\n--color-3-base-contrast-darker: black;\n--color-3-base-text-color: var(--body-color);\n--color-3-dark-3: #332f29;\n--color-3-dark-3-darker: #2e2a25;\n--color-3-dark-3-r: 51;\n--color-3-dark-3-g: 47;\n--color-3-dark-3-b: 41;\n--color-3-dark-3-contrast: white;\n--color-3-dark-3-contrast-darker: white;\n--color-3-dark-3-text-color: var(--body-alt-color);\n--color-3-dark-2: #61584c;\n--color-3-dark-2-darker: #574f44;\n--color-3-dark-2-r: 97;\n--color-3-dark-2-g: 88;\n--color-3-dark-2-b: 76;\n--color-3-dark-2-contrast: white;\n--color-3-dark-2-contrast-darker: white;\n--color-3-dark-2-text-color: var(--body-alt-color);\n--color-3-dark-1: #8f816d;\n--color-3-dark-1-darker: #817462;\n--color-3-dark-1-r: 143;\n--color-3-dark-1-g: 129;\n--color-3-dark-1-b: 109;\n--color-3-dark-1-contrast: white;\n--color-3-dark-1-contrast-darker: white;\n--color-3-dark-1-text-color: var(--body-alt-color);\n--color-3: #bca98d;\n--color-3-darker: #b09978;\n--color-3-r: 188;\n--color-3-g: 169;\n--color-3-b: 141;\n--color-3-contrast: white;\n--color-3-contrast-darker: white;\n--color-3-text-color: var(--body-alt-color);\n--color-3-light-1: #d0c2ae;\n--color-3-light-1-darker: #c2b096;\n--color-3-light-1-r: 208;\n--color-3-light-1-g: 194;\n--color-3-light-1-b: 174;\n--color-3-light-1-contrast: black;\n--color-3-light-1-contrast-darker: white;\n--color-3-light-1-text-color: var(--body-color);\n--color-3-light-2: #e3dcd2;\n--color-3-light-2-darker: #d2c7b7;\n--color-3-light-2-r: 227;\n--color-3-light-2-g: 220;\n--color-3-light-2-b: 210;\n--color-3-light-2-contrast: black;\n--color-3-light-2-contrast-darker: black;\n--color-3-light-2-text-color: var(--body-color);\n--color-3-light-3: #fcfaf7;\n--color-3-light-3-darker: #eee3d3;\n--color-3-light-3-r: 252;\n--color-3-light-3-g: 250;\n--color-3-light-3-b: 247;\n--color-3-light-3-contrast: black;\n--color-3-light-3-contrast-darker: black;\n--color-3-light-3-text-color: var(--body-color);\n--color-4-base: #4c637f;\n--color-4-base-darker: #445972;\n--color-4-base-r: 76;\n--color-4-base-g: 99;\n--color-4-base-b: 127;\n--color-4-base-contrast: white;\n--color-4-base-contrast-darker: white;\n--color-4-base-text-color: var(--body-alt-color);\n--color-4-dark-3: #292d33;\n--color-4-dark-3-darker: #25292e;\n--color-4-dark-3-r: 41;\n--color-4-dark-3-g: 45;\n--color-4-dark-3-b: 51;\n--color-4-dark-3-contrast: white;\n--color-4-dark-3-contrast-darker: white;\n--color-4-dark-3-text-color: var(--body-alt-color);\n--color-4-dark-2: #3e4a59;\n--color-4-dark-2-darker: #384350;\n--color-4-dark-2-r: 62;\n--color-4-dark-2-g: 74;\n--color-4-dark-2-b: 89;\n--color-4-dark-2-contrast: white;\n--color-4-dark-2-contrast-darker: white;\n--color-4-dark-2-text-color: var(--body-alt-color);\n--color-4-dark-1: #4c637f;\n--color-4-dark-1-darker: #445972;\n--color-4-dark-1-r: 76;\n--color-4-dark-1-g: 99;\n--color-4-dark-1-b: 127;\n--color-4-dark-1-contrast: white;\n--color-4-dark-1-contrast-darker: white;\n--color-4-dark-1-text-color: var(--body-alt-color);\n--color-4: #85a0c1;\n--color-4-darker: #6f8fb6;\n--color-4-r: 133;\n--color-4-g: 160;\n--color-4-b: 193;\n--color-4-contrast: white;\n--color-4-contrast-darker: white;\n--color-4-text-color: var(--body-alt-color);\n--color-4-light-1: #a6bbd4;\n--color-4-light-1-darker: #8da8c8;\n--color-4-light-1-r: 166;\n--color-4-light-1-g: 187;\n--color-4-light-1-b: 212;\n--color-4-light-1-contrast: white;\n--color-4-light-1-contrast-darker: white;\n--color-4-light-1-text-color: var(--body-alt-color);\n--color-4-light-2: #cad7e6;\n--color-4-light-2-darker: #adc1d8;\n--color-4-light-2-r: 202;\n--color-4-light-2-g: 215;\n--color-4-light-2-b: 230;\n--color-4-light-2-contrast: black;\n--color-4-light-2-contrast-darker: black;\n--color-4-light-2-text-color: var(--body-color);\n--color-4-light-3: #f1f5f9;\n--color-4-light-3-darker: #cfddea;\n--color-4-light-3-r: 241;\n--color-4-light-3-g: 245;\n--color-4-light-3-b: 249;\n--color-4-light-3-contrast: black;\n--color-4-light-3-contrast-darker: black;\n--color-4-light-3-text-color: var(--body-color);\n--color-5-base: #8bc9ba;\n--color-5-base-darker: #74beac;\n--color-5-base-r: 139;\n--color-5-base-g: 201;\n--color-5-base-b: 186;\n--color-5-base-contrast: black;\n--color-5-base-contrast-darker: white;\n--color-5-base-text-color: var(--body-color);\n--color-5-dark-3: #293331;\n--color-5-dark-3-darker: #252e2c;\n--color-5-dark-3-r: 41;\n--color-5-dark-3-g: 51;\n--color-5-dark-3-b: 49;\n--color-5-dark-3-contrast: white;\n--color-5-dark-3-contrast-darker: white;\n--color-5-dark-3-text-color: var(--body-alt-color);\n--color-5-dark-2: #4d655f;\n--color-5-dark-2-darker: #455b56;\n--color-5-dark-2-r: 77;\n--color-5-dark-2-g: 101;\n--color-5-dark-2-b: 95;\n--color-5-dark-2-contrast: white;\n--color-5-dark-2-contrast-darker: white;\n--color-5-dark-2-text-color: var(--body-alt-color);\n--color-5-dark-1: #6e978d;\n--color-5-dark-1-darker: #62897f;\n--color-5-dark-1-r: 110;\n--color-5-dark-1-g: 151;\n--color-5-dark-1-b: 141;\n--color-5-dark-1-contrast: white;\n--color-5-dark-1-contrast-darker: white;\n--color-5-dark-1-text-color: var(--body-alt-color);\n--color-5: #8bc9ba;\n--color-5-darker: #74beac;\n--color-5-r: 139;\n--color-5-g: 201;\n--color-5-b: 186;\n--color-5-contrast: black;\n--color-5-contrast-darker: white;\n--color-5-text-color: var(--body-color);\n--color-5-light-1: #aad9ce;\n--color-5-light-1-darker: #8fcdbf;\n--color-5-light-1-r: 170;\n--color-5-light-1-g: 217;\n--color-5-light-1-b: 206;\n--color-5-light-1-contrast: black;\n--color-5-light-1-contrast-darker: black;\n--color-5-light-1-text-color: var(--body-color);\n--color-5-light-2: #cde9e2;\n--color-5-light-2-darker: #afdcd0;\n--color-5-light-2-r: 205;\n--color-5-light-2-g: 233;\n--color-5-light-2-b: 226;\n--color-5-light-2-contrast: black;\n--color-5-light-2-contrast-darker: black;\n--color-5-light-2-text-color: var(--body-color);\n--color-5-light-3: #f2faf8;\n--color-5-light-3-darker: #ceece5;\n--color-5-light-3-r: 242;\n--color-5-light-3-g: 250;\n--color-5-light-3-b: 248;\n--color-5-light-3-contrast: black;\n--color-5-light-3-contrast-darker: black;\n--color-5-light-3-text-color: var(--body-color);\n--white-contrast: var(--body-color);\n--shading-contrast: var(--body-alt-color);\n--bg-contrast: var(--body-color);\n}</style><style id=\"typography\" typography=\"Normal\">\n        .u-body\n        {\n        --title-font-weight: 400;\n        --title-font-size: 4.5rem;\n        --title-line-height: 1.1;\n        --title-margin-top: 20px;\n        --title-margin-bottom: 20px;\n        --subtitle-font-weight: 400;\n        --subtitle-font-size: 2.25rem;\n        --subtitle-line-height: 1.1;\n        --subtitle-margin-top: 20px;\n        --subtitle-margin-bottom: 20px;\n        --h1-font-weight: 400;\n        --h1-font-size: 3rem;\n        --h1-line-height: 1.1;\n        --h1-margin-top: 20px;\n        --h1-margin-bottom: 20px;\n        --h2-font-weight: 400;\n        --h2-font-size: 2.25rem;\n        --h2-line-height: 1.1;\n        --h2-margin-top: 20px;\n        --h2-margin-bottom: 20px;\n        --h3-font-weight: 400;\n        --h3-font-size: 1.875rem;\n        --h3-line-height: 1.2;\n        --h3-margin-top: 20px;\n        --h3-margin-bottom: 20px;\n        --h4-font-weight: 400;\n        --h4-font-size: 1.5rem;\n        --h4-line-height: 1.2;\n        --h4-margin-top: 20px;\n        --h4-margin-bottom: 20px;\n        --h5-font-weight: 400;\n        --h5-font-size: 1.25rem;\n        --h5-line-height: 1.2;\n        --h5-margin-top: 20px;\n        --h5-margin-bottom: 20px;\n        --h6-font-weight: 400;\n        --h6-font-size: 1.125rem;\n        --h6-line-height: 1.2;\n        --h6-margin-top: 20px;\n        --h6-margin-bottom: 20px;\n        --largeText-font-size: 1.25rem;\n        --largeText-margin-top: 20px;\n        --largeText-margin-bottom: 20px;\n        --smallText-font-size: 0.875rem;\n        --smallText-margin-top: 20px;\n        --smallText-margin-bottom: 20px;\n        --text-margin-top: 20px;\n        --text-margin-bottom: 20px;\n        --hyperlink-color: var(--palette-1-base);\n        --hyperlink-alt-text-color: var(--palette-1-dark-2);\n        --hyperlink-hover-color: var(--palette-1-base-darker);\n        --hyperlink-hover-alt-text-color: var(--grey-30-darker);\n        --button-margin-top: 20px;\n        --button-margin-bottom: 20px;\n        --button-background-color: var(--palette-1-base);\n        --button-color: var(--black);\n        --button-hover-background-color: var(--palette-1-base-darker);\n        --button-hover-color: var(--black-darker);\n        --button-hover-background-color: var(--palette-1-base-darker);\n        --button-hover-color: var(--black-darker);\n        --button-active-background-color: var(--palette-1-base-darker);\n        --button-active-color: var(--black-darker);\n        --blockquote-font-style: italic;\n        --blockquote-padding-left: 20px;\n        --blockquote-border-width: 4px;\n        --blockquote-border-color: var(--palette-1-base);\n        --blockquote-margin-top: 20px;\n        --blockquote-margin-bottom: 20px;\n        --metadata-margin-top: 20px;\n        --metadata-margin-bottom: 20px;\n        --list-margin-top: 20px;\n        --list-margin-bottom: 20px;\n        --orderedlist-margin-top: 20px;\n        --orderedlist-margin-bottom: 20px;\n        --postContent-margin-top: 20px;\n        --postContent-margin-bottom: 20px;\n        --title-font-size-sm: 3.75rem;\n        --title-font-size-xs: 3rem;\n        --subtitle-font-size-xs: 1.5rem;\n        --h1-font-size-xs: 1.875rem;\n        --h2-font-size-xs: 1.5rem;\n        --h3-font-size-xs: 1.5rem;\n        }\n\n        /** common-rules **/\n        h1.u-title\n        {\n        font-weight: var(--title-font-weight);\n        font-size: var(--title-font-size);\n        line-height: var(--title-line-height);\n        margin-top: var(--title-margin-top);\n        margin-bottom: var(--title-margin-bottom);\n        }\n        h2.u-subtitle\n        {\n        font-weight: var(--subtitle-font-weight);\n        font-size: var(--subtitle-font-size);\n        line-height: var(--subtitle-line-height);\n        margin-top: var(--subtitle-margin-top);\n        margin-bottom: var(--subtitle-margin-bottom);\n        }\n        h1:not(.u-title)\n        {\n        font-weight: var(--h1-font-weight);\n        font-size: var(--h1-font-size);\n        line-height: var(--h1-line-height);\n        margin-top: var(--h1-margin-top);\n        margin-bottom: var(--h1-margin-bottom);\n        }\n        h2:not(.u-subtitle)\n        {\n        font-weight: var(--h2-font-weight);\n        font-size: var(--h2-font-size);\n        line-height: var(--h2-line-height);\n        margin-top: var(--h2-margin-top);\n        margin-bottom: var(--h2-margin-bottom);\n        }\n        h3\n        {\n        font-weight: var(--h3-font-weight);\n        font-size: var(--h3-font-size);\n        line-height: var(--h3-line-height);\n        margin-top: var(--h3-margin-top);\n        margin-bottom: var(--h3-margin-bottom);\n        }\n        h4\n        {\n        font-weight: var(--h4-font-weight);\n        font-size: var(--h4-font-size);\n        line-height: var(--h4-line-height);\n        margin-top: var(--h4-margin-top);\n        margin-bottom: var(--h4-margin-bottom);\n        }\n        h5\n        {\n        font-weight: var(--h5-font-weight);\n        font-size: var(--h5-font-size);\n        line-height: var(--h5-line-height);\n        margin-top: var(--h5-margin-top);\n        margin-bottom: var(--h5-margin-bottom);\n        }\n        h6\n        {\n        font-weight: var(--h6-font-weight);\n        font-size: var(--h6-font-size);\n        line-height: var(--h6-line-height);\n        margin-top: var(--h6-margin-top);\n        margin-bottom: var(--h6-margin-bottom);\n        }\n        p.u-large-text\n        {\n        font-size: var(--largeText-font-size);\n        margin-top: var(--largeText-margin-top);\n        margin-bottom: var(--largeText-margin-bottom);\n        }\n        p.u-small-text\n        {\n        font-size: var(--smallText-font-size);\n        margin-top: var(--smallText-margin-top);\n        margin-bottom: var(--smallText-margin-bottom);\n        }\n        p:not(.u-text-variant)\n        {\n        margin-top: var(--text-margin-top);\n        margin-bottom: var(--text-margin-bottom);\n        }\n        .u-btn\n        {\n        margin-top: var(--button-margin-top);\n        margin-bottom: var(--button-margin-bottom);\n        }\n        blockquote\n        {\n        font-style: var(--blockquote-font-style);\n        padding-left: var(--blockquote-padding-left);\n        border-width: var(--blockquote-border-width);\n        margin-top: var(--blockquote-margin-top);\n        margin-bottom: var(--blockquote-margin-bottom);\n        }\n        .u-metadata\n        {\n        margin-top: var(--metadata-margin-top);\n        margin-bottom: var(--metadata-margin-bottom);\n        }\n        ul:not(.u-unstyled)\n        {\n        margin-top: var(--list-margin-top);\n        margin-bottom: var(--list-margin-bottom);\n        }\n        ol\n        {\n        margin-top: var(--orderedlist-margin-top);\n        margin-bottom: var(--orderedlist-margin-bottom);\n        }\n        .u-post-content\n        {\n        margin-top: var(--postContent-margin-top);\n        margin-bottom: var(--postContent-margin-bottom);\n        }\n        /** common-rules **/\n\n        /** publish-rules **/\n        /*begin-media rules*/\n        @media (max-width: 767px) {\n        h1.u-title\n        {\n        font-size: var(--title-font-size-sm);\n        }\n        }\n        @media (max-width: 575px) {\n        h1.u-title\n        {\n        font-size: var(--title-font-size-xs);\n        }\n        }\n        @media (max-width: 575px) {\n        h2.u-subtitle\n        {\n        font-size: var(--subtitle-font-size-xs);\n        }\n        }\n        @media (max-width: 575px) {\n        h1:not(.u-title)\n        {\n        font-size: var(--h1-font-size-xs);\n        }\n        }\n        @media (max-width: 575px) {\n        h2:not(.u-subtitle)\n        {\n        font-size: var(--h2-font-size-xs);\n        }\n        }\n        @media (max-width: 575px) {\n        h3\n        {\n        font-size: var(--h3-font-size-xs);\n        }\n        }\n        /*end-media rules*/\n        /** publish-rules **/\n\n        \n\n        /** cms-rules **/\n        /*begin-responsive rules*/\n        .u-sm h1.u-title\n        {\n        font-size: var(--title-font-size-sm);\n        }\n        .u-xs h1.u-title\n        {\n        font-size: var(--title-font-size-xs);\n        }\n        .u-xs h2.u-subtitle\n        {\n        font-size: var(--subtitle-font-size-xs);\n        }\n        .u-xs h1:not(.u-title)\n        {\n        font-size: var(--h1-font-size-xs);\n        }\n        .u-xs h2:not(.u-subtitle)\n        {\n        font-size: var(--h2-font-size-xs);\n        }\n        .u-xs h3\n        {\n        font-size: var(--h3-font-size-xs);\n        }\n        /*end-responsive rules*/\n        /** cms-rules **/\n\n        /** color-rules **/\n        .u-overlap.u-overlap-transparent:not(.u-overlap-contrast) .u-header :not(.u-nav-item) > a,\n        .u-gradient > .u-container-layout > a,\n        .u-image:not(.u-shading) > .u-container-layout > a,\n        a\n        {\n        color: var(--hyperlink-color);\n        }\n        .u-overlap.u-overlap-transparent:not(.u-overlap-contrast) .u-header :not(.u-nav-item) > a:hover,\n        .u-gradient > .u-container-layout > a:hover,\n        .u-image:not(.u-shading) > .u-container-layout > a:hover,\n        a:hover\n        {\n        color: var(--hyperlink-hover-color);\n        }\n        .u-overlap.u-overlap-transparent:not(.u-overlap-contrast) .u-header :not(.u-nav-item) > .u-btn,\n        .u-gradient > .u-container-layout > .u-btn,\n        .u-image:not(.u-shading) > .u-container-layout > .u-btn,\n        .u-btn\n        {\n        background-color: var(--button-background-color);\n        color: var(--button-color);\n        }\n        .u-overlap.u-overlap-transparent:not(.u-overlap-contrast) .u-header :not(.u-nav-item) > .u-btn:hover,\n        .u-gradient > .u-container-layout > .u-btn:hover,\n        .u-image:not(.u-shading) > .u-container-layout > .u-btn:hover,\n        .u-btn:hover\n        {\n        background-color: var(--button-hover-background-color);\n        color: var(--button-hover-color);\n        }\n        .u-overlap.u-overlap-transparent:not(.u-overlap-contrast) .u-header :not(.u-nav-item) > .u-btn:focus,\n        .u-gradient > .u-container-layout > .u-btn:focus,\n        .u-image:not(.u-shading) > .u-container-layout > .u-btn:focus,\n        .u-btn:focus\n        {\n        background-color: var(--button-hover-background-color);\n        color: var(--button-hover-color);\n        }\n        .u-overlap.u-overlap-transparent:not(.u-overlap-contrast) .u-header :not(.u-nav-item) > .u-btn:active,\n        .u-gradient > .u-container-layout > .u-btn:active,\n        .u-image:not(.u-shading) > .u-container-layout > .u-btn:active,\n        .u-btn:active\n        {\n        background-color: var(--button-active-background-color);\n        color: var(--button-active-color);\n        }\n        .u-overlap.u-overlap-transparent:not(.u-overlap-contrast) .u-header :not(.u-nav-item) > blockquote,\n        .u-gradient > .u-container-layout > blockquote,\n        .u-image:not(.u-shading) > .u-container-layout > blockquote,\n        blockquote\n        {\n        border-color: var(--blockquote-border-color);\n        }\n        /** color-rules **/\n\n        /** alt-color-rules **/\n        .u-shading a,.u-overlap-contrast .u-header a:not(.u-nav-link):not(.u-btn)\n        {\n        color: var(--hyperlink-alt-text-color);\n        }\n        /** alt-color-rules **/\n    </style><style id=\"font-scheme\" font-scheme=\"Roboto-OpenSans\" heading-font=\"Roboto,sans-serif\" text-font=\"'Open Sans',sans-serif\">.u-body {\n   --text-font: 'Open Sans',sans-serif;\n   --heading-font: Roboto,sans-serif;\n}</style>","appVersion":"3.27.0","isTrial":false}